geometry,n,density,replicate,seed,connected,components,mean_degree,median_degree,min_degree,max_degree,degree_std,clustering_share,median_nn_distance,backend_crosscheck
clustered,500,5.0,0,1232075967575099103,True,1,41.212,40,1,117,34.015453194099834,0.498,0.1392114844387088,identical
clustered,500,5.0,1,4030693733751842256,True,1,33.4,37,1,76,23.995332879541362,0.428,0.15481891043733978,identical
clustered,500,5.0,2,2910105850373694909,False,3,32.9,37,1,66,22.537746116237948,0.438,0.1497166436013236,identical
clustered,500,5.0,3,8511666897213750773,True,1,32.38,33,1,85,23.98440326545565,0.436,0.14310492766325147,identical
clustered,500,5.0,4,737617829740959671,True,1,40.588,35,2,124,34.8330052679926,0.494,0.14446345656464454,identical
clustered,500,5.0,5,6242476435898757125,False,2,32.896,36.5,1,69,22.47694783550472,0.438,0.15789388403390237,identical
clustered,500,5.0,6,2624689440520726391,True,1,32.332,31.5,2,86,23.207019972413512,0.428,0.15889810889741654,identical
clustered,500,5.0,7,6898116686315895880,False,2,30.128,27.5,1,74,21.640785937668717,0.418,0.16666332951548105,identical
clustered,500,5.0,8,52241186413083367,False,2,32.416,32,0,70,22.496020625879588,0.446,0.1468139932458596,identical
clustered,500,5.0,9,7584763173523449483,True,1,35.056,34.5,1,85,26.205512091924472,0.45,0.1476345325800945,identical
clustered,500,5.0,10,2305392478669383477,True,1,30.368,31,1,67,20.944989281448674,0.402,0.1426399724758378,identical
clustered,500,5.0,11,8994613142610561655,False,2,33.736,36,1,69,23.18271563040016,0.442,0.14287622208607437,identical
clustered,500,5.0,12,3881864967631455281,False,3,36.032,38.5,1,81,25.39958613836063,0.468,0.145364695048243,identical
clustered,500,5.0,13,7674034161542528657,False,3,31.24,33,0,69,20.754816308510172,0.43,0.13768141318249066,identical
clustered,500,5.0,14,1137595703220027786,True,1,43.38,36,1,124,38.07302982427323,0.484,0.13994068476773042,identical
clustered,500,5.0,15,4284964620836510933,False,2,30.884,32.5,0,69,21.186565177017243,0.424,0.16521311206889885,identical
clustered,500,5.0,16,1735518849855444305,True,1,31.136,33,1,64,21.29097235919487,0.428,0.15258565862493811,identical
clustered,500,5.0,17,7977882128756351394,True,1,30.192,31,2,64,20.914280671349896,0.426,0.16660524008525926,identical
clustered,500,5.0,18,417551412579197843,False,2,36.376,32.5,0,106,29.68283382697818,0.442,0.15614145966046508,identical
clustered,500,5.0,19,7687486330533908919,True,1,32.556,34.5,1,67,22.577928691534115,0.468,0.15022273988832308,identical
clustered,500,5.0,20,1879640466729883939,False,2,38.864,34,1,113,32.0044606890977,0.454,0.14936277441676515,identical
clustered,500,5.0,21,4627383830495346917,True,1,34.568,35,1,88,25.23349710206651,0.444,0.15371183675112318,identical
clustered,500,5.0,22,6126959283277894240,True,1,31.588,33,1,66,21.799959999963292,0.438,0.15882329808711554,identical
clustered,500,5.0,23,590168361336949793,False,3,34.6,34,0,95,26.52206628451107,0.474,0.13677116564508152,identical
clustered,500,8.0,0,5979216618257846070,True,1,43.992,53,2,85,26.197861286753902,0.428,0.1237567090995029,identical
clustered,500,8.0,1,6430890966611452941,True,1,41.928,50,2,75,24.306106557817984,0.396,0.1358817448404217,identical
clustered,500,8.0,2,4247874540096811839,True,1,41.004,48,2,90,25.225621578070175,0.358,0.125184334533897,identical
clustered,500,8.0,3,6665803839147640063,True,1,44.692,53,2,91,26.51069851965427,0.39,0.12099134822261272,identical
clustered,500,8.0,4,6274640255279838039,True,1,47.356,54.5,3,117,31.258491070427638,0.4,0.11584811310864843,identical
clustered,500,8.0,5,5432220622252586205,True,1,51.828,56,1,127,35.3717177417213,0.4,0.11463274016255777,identical
clustered,500,8.0,6,9210691804795021804,True,1,40.66,47,2,73,23.763341515872728,0.368,0.12974555409411087,identical
clustered,500,8.0,7,6132243391157302717,False,2,42.02,51,0,75,25.176250713718286,0.416,0.12794344549591743,identical
clustered,500,8.0,8,7518673176457450117,True,1,41.956,48,1,77,24.16241014468549,0.338,0.12367503018978751,identical
clustered,500,8.0,9,3034743483414825131,True,1,39.672,44,4,77,23.55819212078889,0.38,0.1312524113542892,identical
clustered,500,8.0,10,1629165497823405381,True,1,57.248,56.5,3,123,41.35691593917516,0.462,0.12329860534399315,identical
clustered,500,8.0,11,5720609856316888978,True,1,45.104,57,2,91,28.021370130669904,0.47,0.1077535556353571,identical
clustered,500,8.0,12,4007504923601056328,True,1,58.056,53.5,3,149,46.59017990950455,0.444,0.11421113676233313,identical
clustered,500,8.0,13,4914795003189652519,True,1,41.968,49,2,76,24.079928903549533,0.33,0.12713518138119267,identical
clustered,500,8.0,14,6222744794246186949,True,1,48.72,53,1,124,34.466296580862895,0.434,0.11854486056215914,identical
clustered,500,8.0,15,2847079583240870307,True,1,48.304,55,2,116,32.143173209874604,0.43,0.11664396701089302,identical
clustered,500,8.0,16,4299617935501885028,True,1,41.308,48,1,75,23.978097005392215,0.356,0.12256282078985938,identical
clustered,500,8.0,17,2910413658023847033,True,1,43.396,53,1,79,25.543828687180003,0.368,0.12483104691040142,identical
clustered,500,8.0,18,5118567912827330163,False,2,41.304,49,0,78,25.11078620832092,0.356,0.12675976617157195,identical
clustered,500,8.0,19,2423278388335780167,True,1,42.804,50.5,3,78,24.438117439770195,0.356,0.11327360304045264,identical
clustered,500,8.0,20,3434688788361059616,True,1,45.052,53,3,95,28.14109621176829,0.414,0.11841120648556935,identical
clustered,500,8.0,21,3603939254108119171,True,1,53.152,54,3,132,40.990595214024374,0.426,0.11478273395179209,identical
clustered,500,8.0,22,5073164340466761543,True,1,41.604,48,2,77,24.842930261947775,0.4,0.11225166787934036,identical
clustered,500,8.0,23,6647567191791407580,True,1,43.2,49.5,1,77,23.96656003685138,0.348,0.12401575049301293,identical
clustered,500,12.0,0,5528756101981138568,True,1,57.876,71,3,132,33.89065688357192,0.31,0.0890060472070934,identical
clustered,500,12.0,1,4621998075985215146,True,1,52.176,66,5,83,26.240979859753708,0.336,0.10418409962721253,identical
clustered,500,12.0,2,6904316952789907991,True,1,65.248,74,3,144,42.04457748628237,0.388,0.09137590184931793,identical
clustered,500,12.0,3,206371993222187126,True,1,57.924,71,4,119,30.069689456328014,0.368,0.09897281911042338,identical
clustered,500,12.0,4,3663879039239288532,True,1,69.024,72,4,150,46.4851742386753,0.394,0.09193267625589005,identical
clustered,500,12.0,5,3480226554310460867,True,1,53.644,66,3,84,26.268331960746902,0.364,0.09237780276939295,identical
clustered,500,12.0,6,8881775224879862344,True,1,56.172,70,6,120,30.014836597922717,0.356,0.09992861803746399,identical
clustered,500,12.0,7,1135842975071597028,True,1,60.708,66,5,140,38.75655732905079,0.414,0.09497836789788225,identical
clustered,500,12.0,8,6337561864249815434,True,1,59.652,68.5,6,128,36.59883735858286,0.428,0.08658037254246878,identical
clustered,500,12.0,9,430154868351219328,True,1,56.876,71,6,120,30.584908435370526,0.298,0.1009817616038819,identical
clustered,500,12.0,10,714603039459941237,True,1,67.52,78,3,134,39.10250119877245,0.33,0.09052893438974971,identical
clustered,500,12.0,11,4413457143825205512,True,1,53.116,64.5,5,88,25.929954569956344,0.302,0.10661076291431464,identical
clustered,500,12.0,12,4530756723660072020,True,1,51.488,65.5,6,84,25.841939865265555,0.366,0.1006117480343677,identical
clustered,500,12.0,13,9027627380586381683,True,1,63.072,72,4,141,39.57421908263003,0.372,0.08937899298208268,identical
clustered,500,12.0,14,3834223541987180641,True,1,59.092,71,6,132,34.84439030891488,0.35,0.09370908537975167,identical
clustered,500,12.0,15,4659367001814509355,True,1,75.9,88.5,3,153,49.51733029960325,0.394,0.08338734247071816,identical
clustered,500,12.0,16,6847826755181844076,True,1,57.1,71,5,120,32.62830059932632,0.32,0.09506713011455381,identical
clustered,500,12.0,17,8309198912525305918,True,1,61.464,72,6,127,36.971674346721166,0.348,0.0992143030414978,identical
clustered,500,12.0,18,7970163665999178362,True,1,58.94,72,4,130,32.89170716153237,0.36,0.09810585798512148,identical
clustered,500,12.0,19,8612353735954995344,True,1,67.576,70,4,146,45.661320874455505,0.384,0.09889735327993311,identical
clustered,500,12.0,20,4568014367628013290,True,1,68.5,74,6,140,44.37113926867328,0.424,0.09505766531451595,identical
clustered,500,12.0,21,6213191081702834972,True,1,53.36,64.5,5,90,26.3331426153431,0.336,0.09294586898593998,identical
clustered,500,12.0,22,2446538394234306387,True,1,58.752,68.5,4,131,33.93585855698954,0.402,0.10783848033790763,identical
clustered,500,12.0,23,3450012383872973639,True,1,54.024,69,3,106,30.30794324925402,0.388,0.08860657889260615,identical
clustered,1000,5.0,0,5646283518905840012,False,4,34.282,28,0,90,26.52358339289775,0.44,0.15834728658165947,identical
clustered,1000,5.0,1,6604147159456129019,False,2,41.344,32,0,105,33.824394510471265,0.488,0.14355906282489528,identical
clustered,1000,5.0,2,8067668287764359006,False,4,36.918,30,0,99,28.9312508543962,0.454,0.14849266182881588,identical
clustered,1000,5.0,3,7825348560212260825,False,4,37.46,29,1,106,30.31459054646788,0.464,0.1610483929034048,identical
clustered,1000,5.0,4,742278829074917345,True,1,39.432,29,1,107,32.32524363403935,0.479,0.13961397501109246,identical
clustered,1000,5.0,5,7056395109920851700,True,1,36.908,33,1,94,28.04288744049016,0.451,0.14695986119403048,identical
clustered,1000,5.0,6,1263614600657916974,True,1,36.848,30.5,1,102,29.457815533403025,0.464,0.149321623003535,identical
clustered,1000,5.0,7,2534740149771894180,True,1,44.908,34,2,122,38.05781832948386,0.503,0.14811569539293204,identical
clustered,1000,5.0,8,8926641617882740813,False,3,44.026,33,0,149,40.47672570749763,0.493,0.1458808461997672,identical
clustered,1000,5.0,9,4646063599298871304,False,2,38.894,30,0,107,32.08374610297251,0.475,0.16252491150502574,identical
clustered,1000,5.0,10,4758049025785935433,True,1,47.326,34,1,153,43.22913050247483,0.5,0.14683039399431544,identical
clustered,1000,5.0,11,2017889991161192094,False,5,50.17,36,0,171,47.906795968839305,0.509,0.14645967780511926,identical
clustered,1000,5.0,12,5255886348663730386,False,2,36.948,30,0,113,30.33999499011163,0.477,0.15072295337706754,identical
clustered,1000,5.0,13,711307509111997231,True,1,45.168,33.5,1,136,39.42123508973309,0.507,0.15029852702527516,identical
clustered,1000,5.0,14,5103352334945427362,False,2,44.574,27,1,138,40.81882560780013,0.502,0.15146506842567187,identical
clustered,1000,5.0,15,62200731507193483,False,2,35.69,30,1,90,27.924324521821465,0.455,0.1486523656150453,identical
clustered,1000,5.0,16,1118563062867448749,False,2,42.206,33,1,121,35.62158845419445,0.5,0.1422211043974939,identical
clustered,1000,5.0,17,9042389930912396564,False,5,41.134,36,0,109,33.314351922257174,0.504,0.13951550771735088,identical
clustered,1000,5.0,18,7602836138182369209,False,3,45.084,31.5,0,152,41.04710640227883,0.503,0.14952844828971987,identical
clustered,1000,5.0,19,7267619409837537395,True,1,41.762,30,1,137,36.784553225504844,0.476,0.14212425140550997,identical
clustered,1000,5.0,20,1041600386725318181,False,3,37.712,33,1,96,29.28018196664774,0.451,0.14844218655052588,identical
clustered,1000,5.0,21,1903286262770528354,False,3,37.732,29,0,99,30.823792368882845,0.474,0.1484429876060961,identical
clustered,1000,5.0,22,8041671707290601149,True,1,42.42,32,1,124,36.00427196875394,0.486,0.15216225524152177,identical
clustered,1000,5.0,23,1909337927200337414,False,2,49.764,34,0,173,47.77587575335483,0.508,0.138837741848721,identical
clustered,1000,8.0,0,5043703959916492781,True,1,60.62,52,1,167,47.68938665992675,0.46,0.11633923746276931,identical
clustered,1000,8.0,1,5705179262544858095,True,1,53.762,53.5,3,134,38.83724186911319,0.434,0.12191611142629145,identical
clustered,1000,8.0,2,5176648435438476888,True,1,58.716,60,2,134,44.54902180744263,0.491,0.10763650124685814,identical
clustered,1000,8.0,3,4016657883208117832,True,1,56.996,61,3,131,41.622157368401766,0.461,0.11488839359345417,identical
clustered,1000,8.0,4,635465177223025081,True,1,52.826,47.5,3,122,38.80339835632944,0.437,0.12510488842784692,identical
clustered,1000,8.0,5,8199868014794919405,True,1,54.752,53,3,134,39.098574091646825,0.447,0.12166219526781917,identical
clustered,1000,8.0,6,3772158272449586629,True,1,56.764,56,2,124,41.89217473466856,0.464,0.1138656197391874,identical
clustered,1000,8.0,7,1685568157730842805,True,1,51.204,50,1,122,35.54732597538104,0.44,0.12376719931886573,identical
clustered,1000,8.0,8,4220926753372256323,True,1,65.882,59,2,198,56.046606284412974,0.491,0.11448204855815197,identical
clustered,1000,8.0,9,2584884663623320966,True,1,60.772,59,2,150,46.57110709442062,0.485,0.11323487748127106,identical
clustered,1000,8.0,10,7963657717357255897,True,1,56.154,53.5,2,127,40.36793633566128,0.462,0.11329371186429044,identical
clustered,1000,8.0,11,5706289193002675001,True,1,56.142,54.5,2,129,41.30890746558184,0.461,0.1224584296686804,identical
clustered,1000,8.0,12,3759070722533048903,True,1,54.08,48,3,122,39.72122354610942,0.444,0.11302726353637547,identical
clustered,1000,8.0,13,8608811934137514412,True,1,60.25,65,1,132,43.89466368478064,0.473,0.10636789171933422,identical
clustered,1000,8.0,14,2352232439866850548,True,1,56.286,55,3,129,40.853129672033674,0.46,0.11897364740024977,identical
clustered,1000,8.0,15,6598006895800534401,True,1,53.186,55,2,120,37.99688676720764,0.444,0.12536282077796074,identical
clustered,1000,8.0,16,1248952471083099399,True,1,59.092,56,3,153,45.40426781702354,0.483,0.11845235977981902,identical
clustered,1000,8.0,17,5737554524780503558,True,1,50.97,50,2,115,35.94967454651015,0.433,0.12190639273052344,identical
clustered,1000,8.0,18,8686084587572449895,True,1,56.482,52,3,129,42.116263794406045,0.465,0.12217019699584517,identical
clustered,1000,8.0,19,2026694741361796439,True,1,53.88,49.5,1,123,39.21833244797643,0.437,0.1269593329672868,identical
clustered,1000,8.0,20,298995054766672533,True,1,60.894,61,3,148,45.406197418414116,0.518,0.11284690846790627,identical
clustered,1000,8.0,21,6267678391337395282,False,2,53.492,53,0,126,38.012391874229664,0.477,0.12040904276573622,identical
clustered,1000,8.0,22,2712315647885448242,True,1,54,52,3,118,38.800747415481574,0.434,0.12218793964019975,identical
clustered,1000,8.0,23,4638920627629092403,False,2,55.25,60,0,129,38.25213065961163,0.473,0.12418673754728132,identical
clustered,1000,12.0,0,6067987739172195726,True,1,88.478,89,4,236,68.1210211021532,0.482,0.09664839168912048,identical
clustered,1000,12.0,1,3192400660448304204,True,1,73.402,84,3,143,48.057303253512,0.473,0.08999948080139303,identical
clustered,1000,12.0,2,7688205560615669751,True,1,83.896,79,2,220,64.45292223010527,0.482,0.09986049323105085,identical
clustered,1000,12.0,3,1981705973420218208,True,1,83.344,91,3,191,58.950247361652345,0.491,0.09569510612185729,identical
clustered,1000,12.0,4,6532115938138323257,True,1,74.596,81.5,5,154,48.48856343510289,0.454,0.09550436463313741,identical
clustered,1000,12.0,5,3754382919376867515,True,1,73.1,80.5,5,146,47.07808407316514,0.441,0.10211955433501507,identical
clustered,1000,12.0,6,8422383341415623118,True,1,72.286,80,3,143,46.46413890302928,0.462,0.09309173967899645,identical
clustered,1000,12.0,7,4262916822772861661,True,1,76.192,85,2,165,50.53128868334944,0.471,0.0955707607332215,identical
clustered,1000,12.0,8,2999920439554601009,True,1,73.996,85.5,4,144,48.027033887176486,0.468,0.089591112042478,identical
clustered,1000,12.0,9,2898726944978144629,True,1,92.668,81,5,255,77.89008779042427,0.516,0.09283447082300002,identical
clustered,1000,12.0,10,2561478521805539081,True,1,69.358,75,6,143,43.93520042061945,0.428,0.099537600463841,identical
clustered,1000,12.0,11,958949892125909458,True,1,71.802,80,2,142,45.107236625623635,0.45,0.10031297319430521,identical
clustered,1000,12.0,12,5387363879850964484,True,1,74.616,86.5,2,167,51.45800757899591,0.491,0.09336094327945454,identical
clustered,1000,12.0,13,2524177591487432711,True,1,73.98,83,4,146,47.457260772193706,0.452,0.09604440663522605,identical
clustered,1000,12.0,14,2616739214382702757,True,1,74.416,83,4,165,49.20285503911333,0.47,0.08762023278684203,identical
clustered,1000,12.0,15,960621730369695461,True,1,73.398,82.5,3,158,49.094333644525605,0.46,0.10117344155285563,identical
clustered,1000,12.0,16,4566072810077521771,True,1,73.602,83,5,142,47.61644249626384,0.476,0.09959592731332736,identical
clustered,1000,12.0,17,3423349524439600876,True,1,72.79,83,4,145,47.03022326121792,0.456,0.09323495366482783,identical
clustered,1000,12.0,18,2456006820484319230,True,1,87.79,85,4,239,68.460323545832,0.519,0.09762399629837695,identical
clustered,1000,12.0,19,4748667924156854789,True,1,103.058,90,5,290,88.06027842336178,0.51,0.09145892437940621,identical
clustered,1000,12.0,20,1503483937325583045,True,1,69.826,74,4,133,45.35323278444419,0.435,0.09786174882218755,identical
clustered,1000,12.0,21,4835171510303634741,True,1,73.59,82,2,156,48.27059042522683,0.477,0.1032939179316195,identical
clustered,1000,12.0,22,5789300260185477841,True,1,70.668,77.5,4,138,45.38904907574073,0.476,0.09671668843735812,identical
clustered,1000,12.0,23,615853682341888661,True,1,81.452,81,3,214,59.254381238858564,0.48,0.10134621407797041,identical
clustered,2000,5.0,0,2990126038801876063,True,1,52.379,33,1,197,50.77245669652004,0.5225,0.13783892897286926,identical
clustered,2000,5.0,1,6593909058921379359,False,3,43.283,29,0,159,39.58910091174084,0.4685,0.14319260431873723,identical
clustered,2000,5.0,2,4885286614287682415,False,3,44.548,29,0,159,41.16932955490049,0.4785,0.1530274822832331,identical
clustered,2000,5.0,3,8139934296570804616,False,2,42.154,31,0,122,36.02799306095196,0.478,0.15514366001683438,identical
clustered,2000,5.0,4,5789665358258544614,False,3,40.684,28,0,122,35.45315421792535,0.4535,0.1600459984443456,identical
clustered,2000,5.0,5,5967515773669337111,False,2,42.262,31,0,124,36.24050711565721,0.475,0.15425633303115652,identical
clustered,2000,5.0,6,487663147138661947,False,3,43.282,25.5,1,139,39.91972539985709,0.47,0.14677659118497238,identical
clustered,2000,5.0,7,2059097867006304136,True,1,49.825,32,1,185,46.79404208871052,0.5085,0.14427412414137702,identical
clustered,2000,5.0,8,7104744702207580015,False,4,39.589,26,0,117,34.07804394327817,0.4445,0.15090591965490227,identical
clustered,2000,5.0,9,8080659828592985964,False,4,43.385,34,0,155,38.11503345138237,0.49,0.1414353853354127,identical
clustered,2000,5.0,10,4795415510575029147,True,1,48.435,31,1,192,46.00708396540686,0.501,0.1403842415903523,identical
clustered,2000,5.0,11,843548178871839461,False,5,54.037,31,1,216,56.73344367302241,0.4935,0.15286607205099542,identical
clustered,2000,5.0,12,3314520604224119714,True,1,44.154,33,1,155,38.98779660355277,0.4835,0.14898952050688474,identical
clustered,2000,5.0,13,7475265287958161767,False,5,42.848,29,0,144,37.98943137242256,0.4745,0.14688849754887248,identical
clustered,2000,5.0,14,2675327885622543448,False,3,39.445,27,1,127,33.831612066231784,0.4475,0.1526355386723432,identical
clustered,2000,5.0,15,2288460831407227702,False,4,45.603,31,0,146,40.602960372367,0.4865,0.14555628531793097,identical
clustered,2000,5.0,16,2728822728229766287,False,2,41.871,28,0,140,37.42324623813384,0.465,0.1518116142283465,identical
clustered,2000,5.0,17,179134291401389452,False,3,41.929,29,0,128,36.61658038375513,0.459,0.14981899879812702,identical
clustered,2000,5.0,18,7037833433725306430,False,5,43.51,31,1,125,37.403701688469276,0.478,0.15203191579661152,identical
clustered,2000,5.0,19,4352822827862528471,True,1,47.373,27,1,171,46.23667236080037,0.4805,0.14993878860824167,identical
clustered,2000,5.0,20,2487780169174709681,False,2,39.019,30,1,115,32.5688599585555,0.446,0.15921387558348796,identical
clustered,2000,5.0,21,8733373279984259323,False,4,41.583,30.5,0,129,36.12914489716025,0.464,0.15576561756494495,identical
clustered,2000,5.0,22,4559433412440549439,False,2,46.642,29,0,158,43.243032224856734,0.5065,0.1517516700642339,identical
clustered,2000,5.0,23,2751641303663507374,False,3,45.335,31.5,1,157,40.32843630739976,0.49,0.1463914026347215,identical
clustered,2000,8.0,0,6245267064326615256,False,2,66.695,48,1,204,58.210780573704724,0.4515,0.11823236639680063,identical
clustered,2000,8.0,1,7133344210881530905,True,1,62.924,49,3,170,52.00402122913189,0.449,0.12080889715069161,identical
clustered,2000,8.0,2,8549934334797973547,True,1,64.591,52,1,199,54.34657044377314,0.4645,0.11629457179283238,identical
clustered,2000,8.0,3,4244158103016266331,True,1,64.797,52.5,2,187,54.092622334288855,0.468,0.11759078771564607,identical
clustered,2000,8.0,4,2934753653014913852,True,1,67.99,50,3,212,57.9694134867691,0.481,0.11405790553621074,identical
clustered,2000,8.0,5,2700876674846356831,True,1,60.988,45,2,179,50.885743150709686,0.445,0.12543852095517943,identical
clustered,2000,8.0,6,8935366336260145177,True,1,68.515,47,1,230,61.944093947688096,0.455,0.11938917459322917,identical
clustered,2000,8.0,7,3655414637661746169,True,1,61.424,50.5,2,171,49.41620406303994,0.4445,0.12256917092217569,identical
clustered,2000,8.0,8,3106874853548912012,True,1,61.107,46,1,181,51.05050000734562,0.4505,0.11880464450563319,identical
clustered,2000,8.0,9,7456551210918317706,True,1,69.146,56,1,195,58.66931637576838,0.4795,0.11140220320936964,identical
clustered,2000,8.0,10,408309749462484861,True,1,60.746,50,1,166,48.84559840968279,0.4335,0.12152364704967085,identical
clustered,2000,8.0,11,6701595734474832516,True,1,58.349,44,2,159,47.03009886232436,0.432,0.1235863397123558,identical
clustered,2000,8.0,12,234873318339669738,True,1,63.699,52,1,174,52.538656235195035,0.4475,0.12237241337478195,identical
clustered,2000,8.0,13,3938140111327639174,True,1,64.262,50.5,2,180,52.99087993230534,0.4545,0.11691832466468516,identical
clustered,2000,8.0,14,9068898495696219249,True,1,69.473,55,1,195,59.03820179341525,0.4865,0.11454849790389872,identical
clustered,2000,8.0,15,1561762793743005910,True,1,73.624,52,2,204,64.23816329877434,0.486,0.11351689355958483,identical
clustered,2000,8.0,16,6513205428023779927,True,1,63.553,52,1,178,52.253461043264906,0.4745,0.11584136290927477,identical
clustered,2000,8.0,17,5761918139468613895,True,1,66.371,50.5,2,201,55.94158881369031,0.4685,0.11387702734979135,identical
clustered,2000,8.0,18,4709892704242224053,True,1,62.889,47.5,1,170,50.83162085749384,0.4585,0.12011878359112715,identical
clustered,2000,8.0,19,6989848218904883956,True,1,80.016,55.5,1,283,75.58215228478215,0.495,0.11244134964293,identical
clustered,2000,8.0,20,8978557159140430032,True,1,63.741,50,1,166,52.01758278697692,0.4565,0.1209229509786572,identical
clustered,2000,8.0,21,2582504742635280622,True,1,62.42,49.5,1,171,50.60936277014369,0.4455,0.12366503374954489,identical
clustered,2000,8.0,22,3892649797717384109,True,1,63.869,49.5,2,191,53.02503973595872,0.4685,0.12110132933334271,identical
clustered,2000,8.0,23,3567965323880936207,True,1,85.077,61.5,1,274,78.84689005281052,0.515,0.11284255130306606,identical
clustered,2000,12.0,0,4353315879361279690,True,1,88.461,78,2,211,66.83649062450839,0.4295,0.09830339370714913,identical
clustered,2000,12.0,1,8042679087193665060,True,1,98.334,82,3,292,83.22179068008568,0.449,0.09446190362158852,identical
clustered,2000,12.0,2,7500498511076542959,True,1,86.395,73,5,225,67.09575228730948,0.429,0.09825598643479022,identical
clustered,2000,12.0,3,493665656889049934,True,1,111.221,102,2,337,97.05861712903183,0.4665,0.09524903904254117,identical
clustered,2000,12.0,4,8664049256781824692,True,1,109.544,93,4,317,93.31451154027448,0.486,0.09243959175037818,identical
clustered,2000,12.0,5,1214791977899149054,False,2,90.398,80,1,228,70.20225492104935,0.4505,0.09421252277096967,identical
clustered,2000,12.0,6,4198504571848753782,True,1,84.459,78,1,218,63.67303447300115,0.4255,0.09834572025115378,identical
clustered,2000,12.0,7,5316165591500688333,True,1,86.98,77,3,216,66.99606406349554,0.438,0.09793328449906483,identical
clustered,2000,12.0,8,5856162827315053212,True,1,97.768,83,3,275,81.6281151074799,0.48,0.09389214180609722,identical
clustered,2000,12.0,9,139332339615442508,True,1,118.192,91,4,364,107.2061758295669,0.498,0.08730998217270057,identical
clustered,2000,12.0,10,5556618256444140673,True,1,92.925,77.5,2,268,74.62538693367023,0.447,0.09401484444719127,identical
clustered,2000,12.0,11,6153871944252819589,False,2,87.703,76,2,216,68.86990482787093,0.429,0.10044522289976703,identical
clustered,2000,12.0,12,757530472399981781,True,1,85.941,76,3,209,66.15300083140595,0.437,0.10021337331209448,identical
clustered,2000,12.0,13,4189199338426251694,True,1,87.257,74,2,207,66.6520213571951,0.4245,0.10218932904830558,identical
clustered,2000,12.0,14,404773481430757004,True,1,91.424,83,3,231,69.98341392072845,0.433,0.09763250274029672,identical
clustered,2000,12.0,15,2673407165922319427,True,1,86.333,71,2,212,67.63040818300597,0.4305,0.09670600808072549,identical
clustered,2000,12.0,16,9156175878307252142,True,1,100.147,82.5,4,301,84.96983812506652,0.447,0.09785879114503229,identical
clustered,2000,12.0,17,3561414312616293972,True,1,85.244,73,3,218,65.4266724203516,0.431,0.1001923445113408,identical
clustered,2000,12.0,18,710739997510510570,True,1,80.524,69,4,195,60.24059614578858,0.407,0.10385481465848928,identical
clustered,2000,12.0,19,7818122657193879224,True,1,110.274,88,4,304,93.23682171760254,0.488,0.09080582121167446,identical
clustered,2000,12.0,20,8040844217685084841,True,1,89.372,78,4,210,68.72497083302405,0.4315,0.09736985242105109,identical
clustered,2000,12.0,21,5935421695321640896,True,1,88.108,79.5,2,219,66.8099418949006,0.432,0.09491117016029489,identical
clustered,2000,12.0,22,5570397594585925462,True,1,85.967,78,4,204,66.0649446454018,0.439,0.09766249958859408,identical
clustered,2000,12.0,23,5549041246802176193,True,1,119.189,101,5,357,104.63138285906386,0.518,0.08723531384928324,identical
clustered,5000,5.0,0,6282989386528070422,False,2,62.1052,28,0,284,70.38930410907624,0.5134,0.1383763445079242,identical
clustered,5000,5.0,1,9199571027395362090,False,9,53.778,28,0,229,55.04487910786974,0.508,0.13997865967315837,identical
clustered,5000,5.0,2,5735316438211104199,False,5,50.67,29,0,176,48.935413557054964,0.505,0.1433756627346361,identical
clustered,5000,5.0,3,7190941007507715981,False,3,45.8632,26,0,189,44.47678591984813,0.478,0.15443101388269337,identical
clustered,5000,5.0,4,4863828544047965536,False,3,63.182,27,0,261,67.7689167391661,0.5188,0.13988526856460975,identical
clustered,5000,5.0,5,3575988355141212207,False,8,46.784,28,0,167,44.03296655915898,0.4868,0.14423474853084997,identical
clustered,5000,5.0,6,8594102934823939712,False,4,42.7,26,1,139,38.64845145668865,0.462,0.1543499235545126,identical
clustered,5000,5.0,7,5231039785259923598,False,4,52.2304,27,0,280,57.38578670576853,0.4952,0.1447112765704095,identical
clustered,5000,5.0,8,1988798253810657637,False,2,52.5244,28,0,201,53.336398497086655,0.4952,0.14450837164785824,identical
clustered,5000,5.0,9,1368560065605687917,False,6,43.7924,26,0,135,39.55824190026647,0.47,0.15615350420563,identical
clustered,5000,5.0,10,3480080448908110766,True,1,47.0136,27.5,1,186,45.26511476888131,0.4858,0.1532345654690485,identical
clustered,5000,5.0,11,5555581927727270849,False,4,59.6816,28,0,275,67.66750639295051,0.5056,0.145866058023334,identical
clustered,5000,5.0,12,4271029703074641553,False,5,46.6432,31,0,159,42.66026598323085,0.4864,0.14942405486091076,identical
clustered,5000,5.0,13,1403247926828629506,False,5,45.2996,28,0,163,42.18933324716089,0.4818,0.1516208993026673,identical
clustered,5000,5.0,14,2680522853980306116,False,5,43.0084,27,0,131,38.58790910946062,0.47,0.15497767868744305,identical
clustered,5000,5.0,15,3568584838095487691,False,2,44.6092,27,0,166,42.46048604714746,0.475,0.15296875948901378,identical
clustered,5000,5.0,16,6795633167306362411,False,3,47.2728,27,0,177,45.35414843385324,0.4794,0.1492716043523964,identical
clustered,5000,5.0,17,5362612462735099067,False,9,42.1748,26,0,140,38.14941473941633,0.4682,0.15401544475630713,identical
clustered,5000,5.0,18,6294588780328670997,False,3,41.8068,26,0,132,37.72249559294823,0.4562,0.1563379150974581,identical
clustered,5000,5.0,19,2948127083747777741,False,2,48.1792,26,0,200,47.11944277429428,0.4894,0.1501275217760929,identical
clustered,5000,5.0,20,4116423951704005722,False,6,42.4524,27,0,150,38.43898716459629,0.4606,0.15667738362333794,identical
clustered,5000,5.0,21,9106288276017479591,False,4,46.4632,34,0,142,41.279746193018255,0.4916,0.14979289090568468,identical
clustered,5000,5.0,22,7422905490770978616,False,5,50.6784,27,0,269,53.91305012183971,0.4906,0.15068229845655945,identical
clustered,5000,5.0,23,4545696605888357431,False,5,74.1412,35,0,276,81.74062920335264,0.5424,0.13159608431917733,identical
clustered,5000,8.0,0,3104797229095676695,True,1,70.0132,48,2,215,61.78758634029969,0.4728,0.11983325575727301,identical
clustered,5000,8.0,1,8288898968645052619,False,2,76.1684,53,1,236,68.232801799721,0.496,0.10740859508660035,identical
clustered,5000,8.0,2,7069971224205242223,True,1,82.2996,47,2,282,79.57513832749514,0.4942,0.11384980082135071,identical
clustered,5000,8.0,3,3245883613338145001,True,1,71.994,42,1,278,68.15902555054618,0.4674,0.11889437893590304,identical
clustered,5000,8.0,4,7882917273938141266,True,1,106.9236,47,2,405,116.84007259087097,0.5186,0.10716693880109249,identical
clustered,5000,8.0,5,1304054991563635008,True,1,72.9856,46,2,250,67.65852047332989,0.4826,0.11544289495488547,identical
clustered,5000,8.0,6,7411090225085752889,True,1,72.6928,48,2,240,66.04570862788856,0.4816,0.11794919196044744,identical
clustered,5000,8.0,7,5420990188103906320,True,1,68.5844,49,2,221,59.832740841783384,0.4654,0.11782395582511271,identical
clustered,5000,8.0,8,2087402557122666563,True,1,73.964,45,2,254,69.23208435400457,0.4792,0.12001059568838743,identical
clustered,5000,8.0,9,3965178501874169751,False,2,68.9604,44,0,232,61.91261286555431,0.4704,0.12092686845940698,identical
clustered,5000,8.0,10,8933236549072917032,True,1,68.9924,48,2,231,61.54520893002147,0.4628,0.11862580862579732,identical
clustered,5000,8.0,11,8487205653655402110,True,1,77.6912,43,1,276,74.93143961355598,0.495,0.11701670363380372,identical
clustered,5000,8.0,12,4935619277384771524,False,2,69.3148,43,1,209,62.26082316320591,0.4574,0.12038822745048697,identical
clustered,5000,8.0,13,3301996401225138372,True,1,66.558,45,2,214,58.53672553192562,0.457,0.11946470677185944,identical
clustered,5000,8.0,14,178335226271198263,True,1,70.8036,47.5,1,224,63.29184644991805,0.4686,0.11492343313894236,identical
clustered,5000,8.0,15,1164362432140590395,True,1,102.4876,50.5,1,419,110.9262216351031,0.5268,0.10321286702881761,identical
clustered,5000,8.0,16,5418025209298443154,True,1,73.5932,50,1,241,66.75042556987859,0.485,0.11562220742703622,identical
clustered,5000,8.0,17,6098999494843918245,True,1,81.522,43,2,303,82.20966558744792,0.4806,0.11776610949843533,identical
clustered,5000,8.0,18,6042784221619473505,True,1,80.0456,46,1,323,78.69590281990544,0.4926,0.11288556461720056,identical
clustered,5000,8.0,19,4987428980319782709,True,1,75.5548,48.5,2,277,69.36051756554309,0.4906,0.11610909756973166,identical
clustered,5000,8.0,20,3217132009329409764,True,1,65.7312,43,2,201,58.150757059216346,0.4422,0.12479305403828353,identical
clustered,5000,8.0,21,4445311493658713952,True,1,76.0072,46,2,256,70.79856176618291,0.4918,0.11590125414782886,identical
clustered,5000,8.0,22,2075002817812932551,True,1,69.752,45.5,2,238,62.865762510288434,0.4698,0.12184166044681545,identical
clustered,5000,8.0,23,575757420201294891,True,1,65.6148,41,1,205,58.62565326680817,0.4432,0.12102369769199789,identical
clustered,5000,12.0,0,2395323560629377625,True,1,95.2,65.5,6,281,82.20435268281057,0.4586,0.09995647092622066,identical
clustered,5000,12.0,1,1277461322236146294,True,1,101.9136,68,2,364,91.19965863444884,0.465,0.09620971940643244,identical
clustered,5000,12.0,2,1708388952649653046,True,1,114.3648,72,4,403,108.80476331925917,0.486,0.09683638764570805,identical
clustered,5000,12.0,3,6112290393990800738,True,1,95.7424,68,4,281,81.84088001872898,0.4534,0.10096561351106982,identical
clustered,5000,12.0,4,8648141256272787171,True,1,98.554,66.5,3,286,85.11806555602644,0.458,0.0992227964175046,identical
clustered,5000,12.0,5,4369599121308995294,True,1,111.7048,75,4,356,100.15428326816593,0.483,0.09393269540211377,identical
clustered,5000,12.0,6,3192939183154951290,True,1,96.2408,70,4,283,82.97649555964632,0.456,0.09900839011410437,identical
clustered,5000,12.0,7,1110822362650016524,True,1,93.484,66,2,268,79.05482745538055,0.4484,0.10226067801574575,identical
clustered,5000,12.0,8,761178172399760256,True,1,97.4232,65,2,316,85.16736523903991,0.4568,0.10197267360849764,identical
clustered,5000,12.0,9,7368465649904045768,True,1,117.834,76,2,416,110.00449101741246,0.4946,0.09086810077552769,identical
clustered,5000,12.0,10,2463382630186796291,True,1,99.324,70,2,279,85.23665305489214,0.4614,0.09883169391375574,identical
clustered,5000,12.0,11,8864844959771774013,True,1,91.0532,65,5,274,76.8599555669919,0.4442,0.10198738163923311,identical
clustered,5000,12.0,12,7333913703841234399,True,1,116.4584,72,1,370,107.71307009569453,0.4948,0.09143314695616755,identical
clustered,5000,12.0,13,2697310421436415415,True,1,98.8816,72,4,316,85.22965904800971,0.47,0.09722690697437052,identical
clustered,5000,12.0,14,988508964516975970,True,1,99.0568,68,4,329,86.38128717355382,0.4622,0.09790634506570074,identical
clustered,5000,12.0,15,8895200105458127817,True,1,118.904,76.5,3,408,109.88530740731454,0.5024,0.08936236616115226,identical
clustered,5000,12.0,16,7061059291753902456,True,1,98.2952,71,4,302,84.2284420903057,0.4632,0.10063102250338603,identical
clustered,5000,12.0,17,4816890869199881772,True,1,122.8124,74,3,379,113.76244022628944,0.493,0.08984562722594461,identical
clustered,5000,12.0,18,253859772067577459,True,1,95.0212,69,2,270,80.16350510400629,0.459,0.09834898554174433,identical
clustered,5000,12.0,19,2379705139907124933,True,1,103.4044,74,2,365,91.53619208072843,0.4688,0.09683342591463594,identical
clustered,5000,12.0,20,2134495338357216331,True,1,104.2352,72,4,359,92.78798133896471,0.4652,0.09474265598707496,identical
clustered,5000,12.0,21,3754310307806715065,True,1,120.8488,74,3,441,113.78448373376753,0.5062,0.08954932799081997,identical
clustered,5000,12.0,22,6089961735843671748,True,1,122.662,81,4,402,116.04413882656885,0.5004,0.09101676744982082,identical
clustered,5000,12.0,23,8516050119341201470,True,1,94.124,66,2,277,80.3218390227714,0.4558,0.10197471465944723,identical
clustered,10000,5.0,0,8026200474983929846,False,7,48.3258,27,0,220,48.06824372036064,0.4864,0.14555195435612212,identical
clustered,10000,5.0,1,3655075509051831867,False,5,54.4962,26,0,271,57.688619203097446,0.5007,0.14389605425369154,identical
clustered,10000,5.0,2,2202131980703247759,False,7,47.1544,26,0,188,46.13081573785565,0.4774,0.15316872041493096,identical
clustered,10000,5.0,3,751564790313621771,False,5,46.5118,26,0,200,45.851388864024464,0.4753,0.15320843165151538,identical
clustered,10000,5.0,4,1062488846718912351,False,2,42.5496,26,0,146,38.94313983027039,0.4618,0.15514941120619888,identical
clustered,10000,5.0,5,8068969563965317091,False,4,50.134,29,0,198,47.786059096769996,0.4983,0.14451838350140445,identical
clustered,10000,5.0,6,8750472049747390864,False,7,49.704,30,0,162,47.020261419945356,0.4985,0.14733541931179917,identical
clustered,10000,5.0,7,2829447938044906043,False,9,44.9118,28,0,177,42.14049858224244,0.4767,0.1510114547252902,identical
clustered,10000,5.0,8,8814607574865963409,False,7,56.7936,27,0,218,58.94727304159216,0.508,0.14587108406327906,identical
clustered,10000,5.0,9,2455063677594121859,False,12,48.2436,26,0,206,48.19940517309297,0.4796,0.14901003894918713,identical
clustered,10000,5.0,10,3391680430307662777,False,8,47.2524,26,0,193,46.362024268144324,0.476,0.1520691182659792,identical
clustered,10000,5.0,11,1071127428734226981,False,3,44.0104,26,1,152,41.04898161757506,0.4661,0.15054210688273617,identical
clustered,10000,5.0,12,6789796308536541374,False,6,56.5448,27,0,248,60.26713028641746,0.5068,0.14141044534552794,identical
clustered,10000,5.0,13,7193764891823105111,False,7,43.903,26,0,149,41.21580511163164,0.4673,0.15166112015850436,identical
clustered,10000,5.0,14,4668344561696220776,False,7,43.185,27,0,157,39.067310823756365,0.4676,0.15332802239214907,identical
clustered,10000,5.0,15,7965854234440708474,False,3,49.8368,28,0,229,49.83539470858042,0.4927,0.14819898007804766,identical
clustered,10000,5.0,16,3286550634954211469,False,6,47.4208,28,0,225,46.87841216764934,0.4831,0.14823809090456186,identical
clustered,10000,5.0,17,4215491475230188565,False,7,43.8228,27,0,145,40.06118570586761,0.4708,0.1522366228972054,identical
clustered,10000,5.0,18,7177518040534696093,False,5,48.9562,26.5,0,199,48.451574603515226,0.4901,0.14692481700267354,identical
clustered,10000,5.0,19,5262439166881099089,False,2,47.1988,26,1,159,44.6236044998608,0.4832,0.14783370490316042,identical
clustered,10000,5.0,20,7586659491775756595,False,6,57.8576,28,0,261,62.58214379709293,0.5049,0.14368618167723746,identical
clustered,10000,5.0,21,4061403673757476576,False,5,46.3878,27,0,207,45.32013472133555,0.4807,0.15213128208213067,identical
clustered,10000,5.0,22,915622367289599116,False,10,50.407,29,0,178,48.22047232244845,0.5021,0.14727866204059764,identical
clustered,10000,5.0,23,1500741200089009864,False,3,87.2674,29,1,339,99.37581344190336,0.55,0.1303007749641095,identical
clustered,10000,8.0,0,3821061242082277374,True,1,71.1226,45,1,269,65.10813136037612,0.4791,0.11726897173949595,identical
clustered,10000,8.0,1,8843030539296982649,True,1,68.909,42,1,240,62.90817688504396,0.469,0.12123376136085426,identical
clustered,10000,8.0,2,5970912317835841341,True,1,65.7842,41,1,228,59.378829816358035,0.4532,0.12253798716779658,identical
clustered,10000,8.0,3,8488213119358289777,True,1,92.6642,46,1,348,94.51933473295317,0.5141,0.113177809326338,identical
clustered,10000,8.0,4,8498665975215402301,True,1,66.8524,38,1,221,61.94432027425908,0.453,0.12422744479421548,identical
clustered,10000,8.0,5,5568488038135991834,True,1,73.7004,43,1,286,69.95266285024465,0.4743,0.11888725847684514,identical
clustered,10000,8.0,6,4307165906991585420,False,3,79.7146,42,0,295,77.2237408239199,0.4946,0.11942735671464143,identical
clustered,10000,8.0,7,7557669723092118282,True,1,99.4052,43,1,430,112.20250002990124,0.5073,0.11350572214571784,identical
clustered,10000,8.0,8,682459436672416258,True,1,72.8172,43,1,240,67.8463056043585,0.4792,0.11783943077190971,identical
clustered,10000,8.0,9,2403568773028490549,True,1,71.212,42,2,251,66.4992876352821,0.4727,0.1190691663558302,identical
clustered,10000,8.0,10,5411628145931308821,False,3,70.1426,44,1,259,65.28216804947573,0.4655,0.11985746777641768,identical
clustered,10000,8.0,11,6603371823577889135,True,1,87.178,55,2,307,82.30698339752269,0.5235,0.1115026822122219,identical
clustered,10000,8.0,12,4116945339359142203,True,1,80.708,42,2,367,82.34650409094482,0.4824,0.11697889378011578,identical
clustered,10000,8.0,13,6414263568212748560,True,1,80.3142,42,1,294,80.2006176931326,0.489,0.11597123010591354,identical
clustered,10000,8.0,14,7402346572705366547,True,1,76.1576,41,1,351,76.76206851199352,0.4752,0.12052045227083574,identical
clustered,10000,8.0,15,9008850289410399390,True,1,89.7756,43,1,380,97.76036847639183,0.4967,0.11585854571164202,identical
clustered,10000,8.0,16,7997730591527651696,False,2,79.087,44,0,292,76.69254482021059,0.4938,0.11646608752567844,identical
clustered,10000,8.0,17,5525136993907856842,True,1,75.4806,42,1,291,72.80228721434521,0.4803,0.11791670664999349,identical
clustered,10000,8.0,18,137843542060691376,True,1,70.5494,41,2,239,65.73429819842893,0.4699,0.118302751524504,identical
clustered,10000,8.0,19,2636834618587019988,True,1,69.7002,42,2,251,64.59052809785669,0.4677,0.12064061610232102,identical
clustered,10000,8.0,20,7539733375622325245,True,1,76.5656,49,1,274,71.65185619814764,0.4882,0.11703056019305111,identical
clustered,10000,8.0,21,6545340067017012910,True,1,76.8518,43.5,2,276,73.02857274218069,0.4869,0.11633458570689925,identical
clustered,10000,8.0,22,4142089043296853665,False,2,75.7256,45,0,297,71.64203168978393,0.4837,0.11735152376872678,identical
clustered,10000,8.0,23,79365838321091056,True,1,77.6876,46,2,339,76.41238516261619,0.4898,0.1182003909048128,identical
clustered,10000,12.0,0,9220501041746780875,True,1,114.1674,68,2,481,111.213944167269,0.4804,0.09747525460116158,identical
clustered,10000,12.0,1,1333326708286499671,True,1,99.4794,65,2,308,88.74063204440242,0.4502,0.09933654230792505,identical
clustered,10000,12.0,2,4796774998181630028,True,1,107.1674,64,2,398,100.11117508670237,0.4661,0.0981931355305754,identical
clustered,10000,12.0,3,1537579768070321504,True,1,111.4406,76,2,317,99.12091137413928,0.4825,0.09650106916132355,identical
clustered,10000,12.0,4,5615297827472354210,True,1,109.6444,72,5,374,98.82128186094316,0.4816,0.09548375320684896,identical
clustered,10000,12.0,5,327419139933819303,True,1,112.4782,64,3,345,104.0458241582042,0.4816,0.09715287713103485,identical
clustered,10000,12.0,6,2574259057457716252,True,1,98.517,62,2,320,88.83073967383105,0.4447,0.09940996665241955,identical
clustered,10000,12.0,7,1162418955661986136,True,1,115.1346,70,3,354,107.1495706143521,0.4886,0.09530976953458233,identical
clustered,10000,12.0,8,9006167820788129351,True,1,113.68,68,2,461,110.27270015738269,0.4791,0.09399427867039012,identical
clustered,10000,12.0,9,7311954978500428669,True,1,136.035,70,3,448,133.99873721419877,0.5123,0.09063343248111082,identical
clustered,10000,12.0,10,7992504468804931793,True,1,102.09,68,3,321,90.43035165252894,0.4622,0.09827004039903667,identical
clustered,10000,12.0,11,5775822094819645541,True,1,108.7024,64,4,428,102.82226623761986,0.4669,0.09635573955201107,identical
clustered,10000,12.0,12,7161244264406590262,True,1,109.5518,80,3,387,98.8844007756532,0.4785,0.09557251386893943,identical
clustered,10000,12.0,13,4784845962917592523,True,1,103.8448,68,2,335,93.23004190152442,0.463,0.09895799644930185,identical
clustered,10000,12.0,14,2318975574703227374,True,1,109.7132,65,2,365,102.59571212170617,0.4767,0.09569005435840566,identical
clustered,10000,12.0,15,2055288410260334205,True,1,126.6386,74,3,482,124.10776281135662,0.5057,0.09171610527824399,identical
clustered,10000,12.0,16,5325552930918415843,True,1,120.0206,71,3,411,113.63494346212381,0.5,0.0937865296847785,identical
clustered,10000,12.0,17,6458846043591267873,True,1,98.2908,64,2,303,86.79741260751958,0.4468,0.09843347544836392,identical
clustered,10000,12.0,18,4692203756414661295,True,1,110.8386,68,4,406,103.508975214906,0.4795,0.09544555452237234,identical
clustered,10000,12.0,19,3908538704078887073,True,1,97.6492,59,3,307,87.6510920602822,0.4436,0.10218880416433189,identical
clustered,10000,12.0,20,2917130367829598241,True,1,159.7242,75,4,549,163.9947454474074,0.5303,0.08936604846780642,identical
clustered,10000,12.0,21,7304387816079495446,True,1,110.3726,69,3,424,103.83541577535107,0.4709,0.0968423880318472,identical
clustered,10000,12.0,22,4053310602889695960,True,1,152.6998,73,3,523,156.29851656353026,0.5249,0.09022816913793,identical
clustered,10000,12.0,23,8753260926560148973,True,1,113.638,77,2,331,101.33415789357494,0.4917,0.09408194371254265,identical
