id,x,y
0,0.579683,0.652251
1,8.029851,-0.344045
2,15.508522,0.014101
3,-0.459946,-0.646573
4,8.089690,0.060019
5,16.245911,-0.411287
6,0.002252,-0.029134
7,7.322377,0.242099
8,16.144320,1.075100
9,0.091336,-0.065116
10,8.554741,0.089456
11,16.409064,-0.164495
12,0.098177,0.460930
13,8.313311,0.057813
14,15.512961,0.200350
15,0.034589,0.324210
16,8.097305,0.489683
17,15.976798,0.090884
18,0.300049,-0.489098
19,7.819253,-0.225013
20,16.891277,-0.041788
21,0.293499,0.278719
22,7.873607,-0.697877
23,16.434180,-0.183239
24,0.323080,-0.587369
25,7.802908,0.565570
26,16.643952,-0.586106
27,-0.599763,-0.019919
28,8.327709,0.072227
29,16.136600,-0.444976
30,0.264056,0.502584
31,7.803947,-0.645070
32,15.658531,0.342746
33,-0.780164,-0.041345
34,7.554046,-0.059010
35,15.889965,0.007136
36,0.675543,0.189320
37,8.600171,-0.063636
38,15.784186,0.170465
39,-1.276106,-0.017950
40,8.072076,-0.555844
41,16.208964,-0.251660
42,-1.106595,-0.095993
43,7.559519,-0.234268
44,15.931472,0.562939
45,0.046417,-0.012819
46,8.175052,-0.815442
47,16.558056,-0.484689
48,0.197593,-0.507051
49,7.560582,-0.178330
50,16.853087,0.313949
51,-0.271888,-0.127940
52,7.481871,-0.015372
53,15.742117,0.324850
54,-0.610680,-0.150589
55,7.621096,-0.323419
56,16.320023,0.056838
57,0.263340,0.535084
58,8.517306,-0.617307
59,16.241635,-0.792571
60,-0.028737,0.863603
61,7.912854,-0.166136
62,16.076649,0.008068
63,0.011967,-0.340779
64,8.486786,0.400077
65,15.904497,0.141631
66,0.296301,0.464477
67,8.176739,0.312796
68,15.881555,-0.481219
69,-0.222899,0.458622
70,8.439975,0.065821
71,15.744671,0.138455
72,0.748545,0.609503
73,7.692399,-0.019578
74,15.346731,-0.511005
75,0.084713,0.011144
76,8.434140,0.570432
77,16.375710,0.593900
78,-0.246189,-0.507983
79,8.225240,1.205409
80,16.160554,-0.518286
81,0.109076,0.641526
82,7.534541,0.361525
83,15.724975,0.572776
84,0.353448,0.136828
85,8.900027,-0.184009
86,15.691259,0.834673
87,-0.394389,0.989502
88,7.981941,-0.466502
89,15.999130,0.058723
90,0.090515,-0.086382
91,8.486559,-1.043948
92,15.750429,-0.117977
93,0.818852,-0.896720
94,7.847124,-0.514398
95,15.700838,0.288204
96,0.184912,0.648032
97,7.730204,0.120900
98,16.528027,0.406528
99,-0.151201,0.507642
100,7.584290,0.811516
101,16.069467,-0.050686
102,0.121881,0.382067
103,8.783671,-0.063908
104,15.834594,0.263941
105,-0.392207,-0.763277
106,8.376168,-0.170736
107,16.507064,-0.462015
108,-1.303313,0.127342
109,8.069720,0.720190
110,16.236497,0.139224
111,0.263984,-0.165240
112,8.034884,-0.608352
113,16.233618,-0.362398
114,-0.200624,0.314885
115,8.411989,-0.453228
116,16.901730,-0.266237
117,0.375757,0.428085
118,8.100829,0.077478
119,16.808742,0.400577
120,0.200453,-0.820925
121,7.663808,0.523209
122,16.087322,-0.429768
123,-0.289098,-0.137777
124,8.308730,0.174156
125,16.448818,-0.367660
126,0.443711,-0.225846
127,7.865486,0.779905
128,16.033345,-0.062722
129,-0.094625,-0.173181
130,8.701729,0.619461
131,16.322617,0.082885
132,0.469148,-0.034970
133,8.203679,0.180841
134,16.040027,0.741790
135,0.789862,0.595643
136,7.139084,0.826171
137,16.316070,-0.202756
138,-0.010977,0.512248
139,8.528687,0.384769
140,16.063386,0.016114
141,0.374426,-0.041138
142,7.595871,-0.280516
143,15.937158,0.149632
144,1.018665,-0.616412
145,8.214744,-0.041249
146,16.135410,0.609266
147,0.558626,-0.070739
148,7.749070,-0.613305
149,15.967930,0.561141
150,-0.119285,0.316754
151,8.318641,0.178760
152,16.487819,-0.051137
153,-0.373243,-0.527614
154,8.417093,-0.162916
155,15.860063,0.375429
156,-0.355084,0.796609
157,8.299782,-0.237093
158,15.714876,0.486760
159,-0.532743,-0.288471
160,8.002812,0.091262
161,16.006836,0.174239
162,-0.163743,-0.054577
163,8.569315,0.290666
164,15.797639,0.771588
165,-0.895864,0.037955
166,8.300685,0.437576
167,16.050276,-0.173119
168,0.263571,-0.087055
169,8.213621,-1.285475
170,16.171678,-0.355797
171,0.423419,0.336513
172,8.327974,-0.182035
173,16.195354,-0.153988
174,0.096717,-0.060969
175,7.607894,0.889665
176,16.325702,-0.925487
177,0.402132,-0.627380
178,7.895563,-0.261831
179,15.759461,0.108357
180,-0.146450,-0.651800
181,7.997332,0.164191
182,16.796309,-0.186495
183,-0.535170,-0.171177
184,8.293922,-0.397716
185,15.675530,0.249373
186,-0.005007,0.099915
187,7.716980,-0.371759
188,15.854192,-0.069289
189,-0.150407,0.194046
190,8.246237,0.246637
191,16.215672,-0.398605
192,-0.503728,0.360772
193,8.005695,0.054838
194,15.478081,-0.095156
195,-0.286940,-0.388943
196,7.716593,-0.672383
197,16.038392,0.524670
198,-0.318507,0.042624
199,7.508550,0.302240
200,16.838639,-0.555120
201,-0.102415,0.640751
202,8.165509,0.051712
203,15.080475,-0.067671
204,0.413141,0.646219
205,8.288571,-0.260896
206,15.691004,-0.818621
207,-0.484010,0.505053
208,7.948460,-0.602485
209,16.593627,-0.752748
210,0.567310,-0.145361
211,8.152731,0.305788
212,16.118053,0.572204
213,0.007168,-0.147081
214,7.702169,-0.650193
215,15.687357,0.441997
216,0.371426,0.626233
217,9.227532,0.321010
218,16.225481,-0.591723
219,-0.109254,0.988116
220,8.238361,-0.062097
221,16.139276,-0.853062
222,-0.375421,-0.589253
223,7.037899,0.345977
224,16.434543,-0.079481
225,0.155860,-0.453263
226,8.203805,0.343404
227,16.690657,0.702298
228,0.219384,-0.057175
229,7.628244,-0.272528
230,16.277620,0.254502
231,0.008392,0.748795
232,8.291903,0.007354
233,15.913992,0.034822
234,-0.427126,-0.440907
235,8.156396,-0.263195
236,15.878018,0.549254
237,-0.086873,0.591069
238,7.996216,0.682602
239,16.208949,-0.791251
240,0.228057,0.027226
241,0.398162,0.213419
242,0.720480,0.042327
243,0.909985,-0.129572
244,1.121628,0.184529
245,1.390281,0.148359
246,1.742391,0.278967
247,2.052213,0.284112
248,2.193985,0.000223
249,2.547849,-0.113249
250,2.800606,-0.085909
251,3.072345,-0.299493
252,3.321796,-0.030269
253,3.560960,-0.060358
254,3.923284,0.110048
255,4.131793,0.088601
256,4.375512,-0.177652
257,4.567442,-0.133427
258,4.952966,0.228998
259,5.265884,0.006576
260,5.564070,-0.023051
261,5.800252,-0.054621
262,6.048926,0.292555
263,6.227734,-0.197812
264,6.557340,0.018574
265,6.771884,-0.297888
266,7.044499,-0.044478
267,7.314384,0.216747
268,7.616886,0.140298
269,7.946249,0.149264
270,8.131874,0.147461
271,8.428071,0.089247
272,8.692602,-0.055801
273,8.959186,0.080240
274,9.287424,0.169484
275,9.535920,0.160500
276,9.796399,0.063277
277,9.969890,-0.141250
278,10.308271,0.224365
279,10.542183,-0.208758
280,10.866595,-0.009274
281,11.060087,-0.272767
282,11.335390,0.146849
283,11.584520,-0.086894
284,11.898035,-0.288155
285,12.134766,0.267676
286,12.438090,-0.058846
287,12.704448,0.062996
288,12.875111,-0.175375
289,13.277205,-0.138558
290,13.381644,0.198407
291,13.737973,-0.079075
292,14.002304,0.142035
293,14.200377,0.091840
294,14.576021,0.189002
295,14.753952,0.065800
296,15.013089,0.036627
297,15.267806,0.173861
298,15.673344,-0.102214
299,15.811130,0.278273
